{
  "name": "SimpleNeuralNetwork",
  "config": {
    "type": "neural",
    "hyperparameters": {
      "hidden_layers": [
        64,
        32
      ],
      "activation": "relu",
      "dropout": 0.2,
      "learning_rate": 0.001,
      "epochs": 100,
      "batch_size": 32
    }
  },
  "is_trained": true,
  "feature_names": [
    "hyperfaas-thumbnailer-json:latest_active_calls",
    "hyperfaas-bfs-json:latest_active_calls",
    "hyperfaas-echo:latest_active_calls"
  ],
  "target_names": [
    "cpu_usage",
    "memory_usage"
  ],
  "training_history": {
    "train_loss": [
      1.0105034212271373,
      0.9930549363295237,
      0.973059892654419,
      0.94306813677152,
      0.9566767116387686,
      0.9414818286895752,
      0.9328484535217285,
      0.9146223962306976,
      0.8860643208026886,
      0.8728032906850179,
      0.886577824751536,
      0.8665691812833151,
      0.8606070379416147,
      0.8569128413995107,
      0.8331305086612701,
      0.8368925750255585,
      0.8125729958216349,
      0.8048843344052633,
      0.7942551374435425,
      0.8011168936888377,
      0.7934922228256861,
      0.7884719371795654,
      0.7678460081418356,
      0.7718453506628672,
      0.7720511754353842,
      0.8007861276467642,
      0.7792588869730631,
      0.7729680935541788,
      0.7431610822677612,
      0.7848346829414368,
      0.7640375792980194,
      0.7877082526683807,
      0.7615967194239298,
      0.7466488977273306,
      0.7676688929398855,
      0.7858267426490784,
      0.7473892569541931,
      0.7467128982146581,
      0.7749414841334025,
      0.7613497177759806,
      0.773222545782725,
      0.7907640437285105,
      0.7503823141256968,
      0.7464959075053533,
      0.7580542266368866,
      0.7474841276804606,
      0.7584291398525238,
      0.786981483300527,
      0.727735698223114,
      0.762347678343455,
      0.7615040441354116,
      0.7726119458675385,
      0.7609349737564722,
      0.7552999059359232,
      0.7575854559739431,
      0.7391751706600189,
      0.7420027703046799,
      0.7772604723771414,
      0.7444476286570231,
      0.714504619439443,
      0.7670876483122507,
      0.7324950297673544,
      0.7253880848487219,
      0.7414267957210541,
      0.7498229394356409,
      0.71599081158638,
      0.7470642824967703,
      0.7358917593955994,
      0.7537044187386831,
      0.7461140751838684,
      0.7635507086912791,
      0.7434240678946177,
      0.7329189429680506,
      0.7373336652914683,
      0.7502591907978058,
      0.7494368354479471,
      0.7607523103555044,
      0.7411394864320755,
      0.7552560766537985,
      0.7615019579728445,
      0.738696833451589,
      0.7251132726669312,
      0.7536197503407797,
      0.7519436975320181,
      0.7690536081790924,
      0.7294389208157858,
      0.7355697453022003,
      0.7488613228003184,
      0.746623362104098,
      0.7307884395122528,
      0.7605247994263967,
      0.7299901247024536,
      0.7367705255746841,
      0.7309499780337015,
      0.7360417445500692,
      0.7279710372289022,
      0.7434683839480082,
      0.7426237463951111,
      0.7279939303795496,
      0.7505660951137543
    ],
    "train_mse": [
      0.9895598888397217,
      0.9697816967964172,
      0.9541938304901123,
      0.9395670890808105,
      0.9253895878791809,
      0.9112282991409302,
      0.8983561992645264,
      0.8854880332946777,
      0.8719809055328369,
      0.8586255311965942,
      0.8456854820251465,
      0.8341118693351746,
      0.8238697648048401,
      0.8142155408859253,
      0.8048810958862305,
      0.7963743209838867,
      0.7886537909507751,
      0.7824928760528564,
      0.7763388156890869,
      0.7706344723701477,
      0.7653905153274536,
      0.7603901028633118,
      0.7568828463554382,
      0.7528422474861145,
      0.7491032481193542,
      0.7463208436965942,
      0.7445576786994934,
      0.7439817786216736,
      0.741244912147522,
      0.7400909066200256,
      0.7384920716285706,
      0.7373842000961304,
      0.7361406683921814,
      0.7347484230995178,
      0.7336877584457397,
      0.7333718538284302,
      0.7328566908836365,
      0.7318994402885437,
      0.7302734851837158,
      0.7295404076576233,
      0.7290247678756714,
      0.7288269400596619,
      0.728266179561615,
      0.7276670932769775,
      0.7267691493034363,
      0.7262154817581177,
      0.7260616421699524,
      0.7263680696487427,
      0.7262369990348816,
      0.7263246774673462,
      0.7257742881774902,
      0.7246559858322144,
      0.7239855527877808,
      0.7236155271530151,
      0.7236600518226624,
      0.7231718301773071,
      0.7225880026817322,
      0.7225295305252075,
      0.7230294346809387,
      0.7227637767791748,
      0.7216089963912964,
      0.7207232117652893,
      0.7200340628623962,
      0.7195102572441101,
      0.7191826701164246,
      0.718841552734375,
      0.7187536358833313,
      0.7181171774864197,
      0.7180474400520325,
      0.7174299359321594,
      0.7171406745910645,
      0.7171570062637329,
      0.7174789309501648,
      0.7173880338668823,
      0.7171282768249512,
      0.7169803977012634,
      0.7166759371757507,
      0.7163512706756592,
      0.7158503532409668,
      0.7159273624420166,
      0.7157110571861267,
      0.7154329419136047,
      0.7149601578712463,
      0.7148659229278564,
      0.7151699066162109,
      0.7153638601303101,
      0.7158122658729553,
      0.7160906791687012,
      0.7162065505981445,
      0.7155512571334839,
      0.7156792879104614,
      0.715549647808075,
      0.7142015695571899,
      0.7136770486831665,
      0.7129126191139221,
      0.7124167680740356,
      0.712508499622345,
      0.7124810814857483,
      0.712392270565033,
      0.7121915817260742
    ],